<?xml version="1.0" encoding="UTF-8" ?>
<module>
    <name>ph_simpleblog</name>
    <displayName><![CDATA[Blog dla PrestaShop]]></displayName>
    <version><![CDATA[1.7.2]]></version>
    <description><![CDATA[Dodaje blog do Twojego sklepu]]></description>
    <author><![CDATA[PrestaHome]]></author>
    <tab><![CDATA[front_office_features]]></tab>
	<confirmUninstall><![CDATA[Czy na pewno usunąć moduł?]]></confirmUninstall>
    <is_configurable>1</is_configurable>
    <need_instance>0</need_instance>
	<limited_countries></limited_countries>
</module>